DATE,Italy,US,UK,France,Denmark,Germany,Switzerland,Finland
1/1/1970,100,100,100,100,100,100,100,100
2/1/1970,100.81448,100.5277,100.51661,100.30644,100.71276,100.22272,100,100.26478
3/1/1970,101.17647,101.05541,101.10701,100.61287,101.28297,100.66815,100.18162,100.52957
4/1/1970,101.62896,101.58311,102.65683,101.1236,101.56807,101.11359,100.08949,100.79435
5/1/1970,102.08145,101.84697,102.95203,101.53218,102.49465,101.11359,101.08447,100.79435
6/1/1970,102.26244,102.37467,103.24723,101.94076,102.56593,101.3363,101.53721,101.1474
7/1/1970,102.44344,102.63852,103.98524,102.14505,104.63293,101.3363,101.80832,101.32392
8/1/1970,102.62443,102.90237,103.91144,102.55363,104.84676,101.3363,102.16893,101.5887
9/1/1970,103.25792,103.43008,104.42804,102.96221,105.77334,101.3363,102.8033,101.67696
10/1/1970,103.71041,103.95778,105.53506,103.37079,106.05845,101.78174,103.34553,101.85349
11/1/1970,104.52489,104.48549,106.27306,103.77937,106.7712,102.22717,104.70111,102.11827
12/1/1970,104.88688,105.01319,107.01107,104.0858,106.69993,102.89532,105.15385,102.29479
1/1/1971,105.21716,105.27704,108.48708,104.69867,106.69993,104.00891,105.78821,103.53045
2/1/1971,105.62696,105.27704,109.07749,105.2094,106.69993,104.89978,106.24095,104.3248
3/1/1971,106.03676,105.5409,109.9631,105.61798,106.7712,105.34521,106.87268,104.85437
4/1/1971,106.34412,105.80475,112.32472,106.23085,107.84034,106.01336,106.96218,105.56046
5/1/1971,106.95882,106.33245,113.06273,106.94586,109.55096,106.23608,108.13614,105.9135
6/1/1971,107.06127,106.86016,113.87454,107.35444,109.90734,106.68151,108.22563,107.94351
7/1/1971,107.36863,107.12401,114.53875,107.86517,110.04989,107.12695,108.681,108.47308
8/1/1971,107.57353,107.38786,114.61255,108.27375,110.47755,107.12695,108.85999,109.44395
9/1/1971,108.29069,107.65172,114.76015,108.78447,111.26158,107.34967,109.67334,110.32657
10/1/1971,108.80294,107.91557,115.42435,109.39734,111.76051,107.7951,110.12608,110.50309
11/1/1971,109.3152,108.17942,116.08856,109.80592,112.54455,108.01782,111.57379,110.9444
12/1/1971,109.725,108.44327,116.67897,110.31665,112.82965,108.46325,112.11603,111.20918
1/1/1972,110.1348,108.70712,117.34317,110.62308,112.9722,109.79955,112.83725,110.15004
2/1/1972,110.74951,109.23483,117.93358,111.23596,113.47113,110.24499,113.38212,111.06988
3/1/1972,111.05686,109.23483,118.30258,111.74668,114.25517,110.91314,113.6506,111.75975
4/1/1972,111.26176,109.49868,119.40959,112.15526,115.0392,111.35857,113.74273,113.59942
5/1/1972,112.28627,109.76253,120,112.76813,116.17962,111.35857,114.91932,114.40427
6/1/1972,112.90098,110.02639,120.81181,113.381,116.96365,111.80401,115.55368,114.86419
7/1/1972,113.31078,110.29024,121.18081,114.30031,117.17748,112.69488,115.64318,115.899
8/1/1972,114.02794,110.55409,122.14022,114.91318,117.60513,112.69488,116.09329,116.24394
9/1/1972,115.1549,111.08179,122.80443,115.62819,118.53172,113.80846,117.08826,116.93382
10/1/1972,116.38431,111.34565,124.50185,116.64964,119.38703,114.2539,118.17273,117.39373
11/1/1972,117.30637,111.87335,124.94465,117.36466,120.38489,114.92205,119.1677,118.31357
12/1/1972,117.81863,112.1372,125.60886,117.97753,120.81254,115.36748,119.80206,118.54352
1/1/1973,119.04804,112.66491,126.42066,117.97753,121.02637,116.70379,121.15764,119.69332
2/1/1973,120.3799,113.45646,127.23247,118.28396,122.30934,117.37194,121.97099,120.49817
3/1/1973,121.71176,114.51187,127.97048,118.89683,123.0221,118.26281,122.96333,121.18804
4/1/1973,122.94118,115.30343,130.4059,119.71399,124.66144,118.93096,123.23708,122.68277
5/1/1973,124.78529,115.83113,131.36531,120.83759,126.22951,119.82183,124.13993,124.52244
6/1/1973,125.91225,116.62269,132.02952,121.75689,127.22737,120.48998,125.04277,125.78721
7/1/1973,126.62941,116.62269,132.61993,122.77835,128.08268,120.93541,125.22703,129.00663
8/1/1973,127.44902,118.73351,132.98893,123.59551,128.86671,120.93541,125.67977,130.84629
9/1/1973,128.16618,119.26121,134.16974,124.7191,130.22096,120.93541,126.7616,131.88111
10/1/1973,129.19069,120.31662,136.82657,126.04699,131.71775,121.82628,129.38327,132.68596
11/1/1973,130.72745,121.10818,137.85978,127.17058,133.9273,123.3853,132.09708,133.49082
12/1/1973,132.57157,122.16359,138.89299,127.98774,135.9943,124.49889,134.08702,135.2155
1/1/1974,134.72304,123.48285,141.54982,130.13279,138.41768,125.38976,135.17149,136.25032
2/1/1974,137.59167,124.80211,143.95616,131.86925,138.84533,126.50334,134.17915,140.15961
3/1/1974,141.17745,126.12137,145.23011,133.40143,140.05702,126.72606,134.80824,141.42438
4/1/1974,142.91912,126.91293,150.18435,135.54648,142.40912,127.61693,133.99489,144.98873
5/1/1974,144.96814,128.23219,152.3076,137.1808,144.2623,128.28508,136.34808,146.48346
6/1/1974,147.01716,129.2876,153.86465,138.71297,146.75695,128.73051,137.07194,146.94338
7/1/1974,149.98824,130.07916,155.28015,140.44944,148.53885,129.17595,137.52468,149.93284
8/1/1974,153.26667,131.66227,155.4217,141.57303,149.39416,129.39866,138.88026,152.11744
9/1/1974,157.67206,133.50923,157.1203,143.10521,151.88881,129.62138,141.13869,155.33686
10/1/1974,160.64314,134.56464,160.23439,144.84168,153.88453,130.51225,142.04417,156.71661
11/1/1974,163.71667,135.88391,163.06539,146.16956,156.02281,131.40312,144.03148,157.75142
12/1/1974,165.04853,136.93931,165.47173,147.3953,157.02067,131.62584,144.2131,158.09636
1/1/1975,167.2,137.99472,169.71823,149.02962,157.16322,132.96214,145.02645,162.46557
2/1/1975,169.65882,138.78628,172.54923,150.15322,157.59088,133.63029,145.47919,164.88013
3/1/1975,169.86373,139.31398,175.94642,151.37896,158.80257,134.29844,146.02406,167.63963
4/1/1975,172.11765,139.84169,182.74081,152.70684,159.3015,135.41203,146.38467,171.20398
5/1/1975,173.55196,140.10554,190.3845,153.83044,161.43977,136.08018,147.46914,172.92867
6/1/1975,174.88382,141.16095,194.0648,154.95403,162.36636,137.19376,148.01137,173.50357
7/1/1975,175.60098,142.48021,196.04649,156.07763,163.22167,137.19376,147.74025,176.26307
8/1/1975,176.72794,143.00792,197.17889,157.09908,163.7206,136.97105,148.19299,178.44767
9/1/1975,178.16225,144.06332,198.87749,158.42697,165.21739,137.6392,148.73259,180.97721
10/1/1975,180.10882,144.85488,201.70849,159.65271,161.01212,137.86192,148.91685,183.73671
11/1/1975,182.15784,145.91029,204.11483,160.67416,163.64932,138.30735,149.36696,185.57638
12/1/1975,183.59216,146.70185,206.66273,161.59346,163.79187,138.75278,149.18533,186.72617
1/1/1976,185.53873,147.22955,209.35218,163.32993,164.71846,139.86637,150.00132,190.52048
2/1/1976,189.63676,147.4934,212.04162,164.45352,165.85887,140.75724,149.90919,192.93505
3/1/1976,193.42745,147.75726,213.17402,165.88355,173.05773,141.20267,149.63807,195.00467
4/1/1976,198.55,148.02111,217.27897,167.31359,173.55666,141.87082,149.63807,196.38442
5/1/1976,202.54559,148.81266,219.68531,168.43718,175.33856,142.09354,149.36696,196.95932
6/1/1976,203.46765,149.60422,220.81771,169.1522,174.91091,142.31626,149.63807,197.41923
7/1/1976,204.49216,150.39578,221.24236,170.78652,175.05346,142.09354,149.90919,201.21355
8/1/1976,206.74608,151.18734,224.35646,172.01226,176.26515,142.53898,150.45142,203.85807
9/1/1976,210.22941,151.97889,227.329,173.85087,180.61297,142.76169,150.09081,205.46778
10/1/1976,216.27402,152.77045,231.43395,175.48519,182.6087,142.98441,150.45142,207.65238
11/1/1976,220.98676,153.29815,234.68959,176.91522,184.67569,143.42984,150.72254,209.03213
12/1/1976,221.23137,154.08971,237.80369,177.52809,185.17463,143.87528,151.08578,209.722
1/1/1977,224.09654,154.88127,244.03188,178.03882,185.17142,145.4343,151.35427,212.71146
2/1/1977,228.39428,156.46438,246.43823,179.26456,185.33286,146.10245,151.44903,214.72875
3/1/1977,231.25944,157.25594,248.84458,180.89888,188.07733,146.32517,151.17528,217.6426
4/1/1977,234.1246,158.31135,255.21432,183.24821,190.01461,146.99332,151.35427,219.2116
5/1/1977,236.98976,158.83905,257.19601,184.98468,192.75909,147.43875,151.26477,222.12546
6/1/1977,238.627,159.63061,259.88546,186.41471,193.72773,148.1069,152.25975,223.9186
7/1/1977,240.05958,160.42216,260.16856,188.04903,195.01924,147.88419,152.35187,225.4876
8/1/1977,242.31078,161.21372,261.44251,189.07048,196.79508,147.88419,152.35187,229.07388
9/1/1977,245.38059,161.74142,262.85801,190.7048,198.8938,148.1069,152.44137,229.97045
10/1/1977,248.65506,162.53298,263.99041,192.23698,201.3154,148.1069,152.7467,231.09117
11/1/1977,251.11091,163.58839,265.26435,192.95199,207.61155,148.32962,152.59404,231.53945
12/1/1977,252.33884,164.37995,266.67985,193.46272,207.77299,148.77506,152.89937,232.43602
1/1/1978,254.38538,165.43536,268.2369,194.38202,208.58019,149.88864,152.89937,233.10845
2/1/1978,257.04589,166.22691,269.79395,195.81205,209.54882,150.33408,153.04941,236.02231
3/1/1978,260.32036,167.28232,271.49255,197.54852,211.00178,150.77951,153.20207,236.69474
4/1/1978,262.77621,168.60158,275.45594,199.69356,211.80898,151.44766,153.50741,238.03959
5/1/1978,265.23206,170.1847,277.01299,201.63432,213.58482,151.67038,153.66008,241.62588
6/1/1978,267.48326,171.50396,279.13624,203.1665,214.06914,152.11581,153.96541,241.62588
7/1/1978,269.1205,172.82322,280.41018,205.61798,214.55346,151.8931,153.96541,242.29831
8/1/1978,270.55308,173.87863,282.25033,206.84372,215.5221,151.67038,154.11808,243.41902
9/1/1978,274.85082,175.46174,283.38273,208.1716,216.97505,151.44766,153.66008,244.98802
10/1/1978,277.30667,177.04485,284.65668,210.11236,221.01105,151.67038,153.35737,246.55702
11/1/1978,280.17183,178.10026,286.63838,211.23596,222.46401,152.11581,153.66008,247.90187
12/1/1978,281.60441,179.15567,289.04472,212.25741,222.62545,152.56125,153.96541,247.45359
1/1/1979,286.31146,180.73879,293.29122,214.19816,222.62545,154.12027,154.57608,249.47087
2/1/1979,290.60921,182.58575,295.69756,215.62819,223.91696,154.5657,156.2528,252.38473
3/1/1979,294.49764,184.43272,298.10391,217.56895,225.85424,155.45657,157.0135,254.17787
4/1/1979,298.18142,186.27968,303.1997,219.71399,226.66144,156.12472,157.47151,256.4193
5/1/1979,301.45589,188.3905,305.60605,222.06333,230.37455,156.57016,158.08218,257.31587
6/1/1979,303.91174,190.50132,310.84339,223.90194,232.47327,157.46102,160.21426,259.10901
7/1/1979,306.57225,192.61214,324.29063,226.86415,237.80078,158.35189,160.67226,260.45387
8/1/1979,310.25603,194.4591,326.83852,229.21348,241.99822,158.57461,160.36693,261.57458
9/1/1979,318.23755,196.30607,330.09417,231.15424,244.74269,159.24276,161.13027,263.81601
10/1/1979,324.17252,198.41689,333.49137,233.91216,246.03421,159.46548,160.9776,265.38501
11/1/1979,328.67492,200.5277,336.46391,235.44433,248.45581,160.35635,161.58827,267.40229
12/1/1979,334.6099,202.90237,338.87026,237.28294,248.94013,160.80178,161.89097,268.74715
1/1/1980,345.25192,205.80475,347.2217,241.87947,251.03885,161.69265,162.34898,271.88515
2/1/1980,351.1869,208.44327,352.17594,244.44719,253.62188,163.6971,162.65431,275.91972
3/1/1980,354.87068,211.34565,356.98863,247.27169,257.17356,164.36526,163.11232,278.60943
4/1/1980,360.601,213.45646,369.16192,250.35295,259.11083,165.25612,163.87565,283.98886
5/1/1980,364.28478,215.56728,372.55911,252.40713,262.66251,166.14699,164.9417,287.12685
6/1/1980,367.55925,217.6781,376.09786,254.20454,263.30827,166.59243,165.3997,288.24757
7/1/1980,374.10819,217.94195,379.21196,257.79935,268.15146,166.81514,166.01037,290.04071
8/1/1980,378.61059,219.52507,380.06125,260.36707,269.1201,167.03786,167.07641,293.85114
9/1/1980,386.1828,221.37203,382.4676,262.67802,270.57306,167.03786,167.22908,297.88571
10/1/1980,392.73174,223.48285,384.87395,265.50252,272.3489,167.26058,166.92375,300.79956
11/1/1980,400.91791,225.85752,387.98804,267.29992,274.93193,168.37416,168.44779,303.48927
12/1/1980,400.03058,227.96834,390.11129,269.86765,276.06201,169.71047,169.05583,305.7307
1/1/1981,407.50081,230.07916,392.51764,272.94891,277.90388,171.26949,170.73517,308.42041
2/1/1981,415.34454,232.18997,396.05638,275.51663,280.81803,172.60579,172.41189,310.03349
3/1/1981,421.32073,233.77309,402.00148,278.08436,286.3814,173.94209,173.47793,313.25965
4/1/1981,426.92339,235.09235,413.60856,281.93594,289.56047,174.83296,173.17523,316.16319
5/1/1981,433.6466,236.67546,416.29801,284.50366,294.32908,175.72383,174.69927,319.71196
6/1/1981,438.50224,238.78628,418.70435,287.32816,297.24323,176.39198,175.91798,323.58334
7/1/1981,441.11682,241.4248,420.5445,292.20683,299.36261,177.50557,176.83135,324.55119
8/1/1981,445.22545,243.27177,423.6586,295.80164,300.4223,177.951,179.57674,325.51904
9/1/1981,451.57514,245.64644,426.06494,299.13968,303.07153,178.84187,179.72941,329.06781
10/1/1981,459.41888,246.43799,429.88679,302.99127,304.66107,179.73274,179.11874,333.26181
11/1/1981,467.63612,247.4934,434.41638,305.55899,308.36998,180.62361,180.18478,333.26181
12/1/1981,472.49177,248.28496,437.10583,307.3564,309.95952,181.06904,180.18478,333.90704
1/1/1982,479.21497,249.07652,439.65373,310.69443,312.0789,182.62806,181.10079,340.03673
2/1/1982,486.31169,249.86807,439.79528,313.7757,313.93336,182.85078,181.40612,341.64981
3/1/1982,490.42031,249.86807,443.61712,317.62729,316.58259,182.85078,181.70883,346.16643
4/1/1982,494.52894,250.65963,452.53476,321.2221,318.43704,183.51893,182.7775,348.10212
5/1/1982,500.13161,253.0343,455.79041,323.78982,322.14596,184.85523,185.06488,354.87705
6/1/1982,505.36076,255.93668,457.06435,326.10077,324.53027,186.85969,186.7416,356.16751
7/1/1982,511.71046,257.25594,457.2059,327.12786,327.17949,187.08241,187.5023,359.07105
8/1/1982,521.04824,257.78364,457.34745,328.15495,329.29887,186.85969,188.87368,357.45797
9/1/1982,528.89197,257.78364,457.06435,329.43881,333.00779,187.52784,189.63702,356.81274
10/1/1982,537.85625,258.83905,459.32915,331.23622,336.98163,188.41871,190.09502,358.42582
11/1/1982,545.32647,258.5752,461.59395,334.31748,339.63086,188.86414,190.70569,359.39366
12/1/1982,550.18212,257.78364,460.74465,337.14198,337.7764,189.30958,190.09423,363.58766
1/1/1983,556.90532,258.31135,461.31085,340.48002,340.69055,190.20045,189.81027,367.45905
2/1/1983,564.37555,258.5752,463.29255,342.79097,341.48532,190.20045,190.0726,369.07213
3/1/1983,569.6047,258.83905,464.14185,346.12901,340.69055,190.20045,190.43529,372.29828
4/1/1983,575.58088,260.68602,470.65314,350.49413,343.07485,190.64588,191.03056,375.20182
5/1/1983,580.43653,261.74142,472.63483,352.80509,346.78377,191.09131,191.19433,381.33152
6/1/1983,583.79813,262.26913,473.76723,354.85926,347.57854,191.75947,191.98432,385.52552
7/1/1983,588.65378,263.32454,476.31513,357.94053,347.84346,192.42762,191.61021,387.1386
8/1/1983,591.64187,264.11609,478.43838,359.99471,349.433,193.09577,192.12616,387.46121
9/1/1983,599.48561,264.90765,480.56162,362.8192,352.87699,193.5412,192.36475,390.36475
10/1/1983,608.44988,265.96306,482.26022,365.6437,354.99637,193.5412,192.8254,391.3326
11/1/1983,615.17308,266.75462,483.95882,367.18433,358.17544,193.98664,194.0472,394.88137
12/1/1983,617.78766,267.54617,485.23277,368.46819,358.17544,194.43207,194.15538,394.55875
1/1/1984,625.25789,269.39314,484.94967,371.03592,359.23513,195.10022,194.85282,397.78491
2/1/1984,632.72811,270.7124,486.93137,373.34687,363.20897,195.76837,195.55627,399.39798
3/1/1984,637.21025,271.50396,488.48841,375.91459,364.53359,195.99109,196.82795,402.30152
4/1/1984,642.06589,272.55937,494.9997,378.22554,365.59328,196.21381,197.11762,405.20506
5/1/1984,646.17452,273.08707,496.83985,380.27972,369.3022,196.43653,196.70805,409.39906
6/1/1984,649.90963,273.61478,498.1138,382.07712,371.42158,197.10468,197.34119,410.36691
7/1/1984,651.40367,274.67018,497.5476,384.64485,370.62681,196.88196,196.99202,411.97999
8/1/1984,654.76528,275.46174,502.21875,386.69902,372.21635,196.43653,197.69096,413.59307
9/1/1984,659.99443,276.2533,503.20959,388.49643,374.86557,196.65924,197.57046,416.17399
10/1/1984,666.34413,277.30871,506.32369,391.06415,376.45511,197.77283,198.81991,418.10968
11/1/1984,671.57328,277.83641,507.88074,392.34801,379.10433,197.99555,199.8578,418.4323
12/1/1984,675.68191,278.36412,507.45609,393.11833,378.30957,198.21826,199.7935,418.75491
1/1/1985,683.13091,278.89182,509.29624,395.17251,380.16403,199.33185,201.74669,423.27153
2/1/1985,691.66116,280.47493,513.20531,397.22669,382.54833,200.22272,203.39248,424.56594
3/1/1985,697.34799,281.7942,518.23126,400.05118,385.46248,200.89087,204.52384,428.44916
4/1/1985,702.32397,282.3219,529.40003,402.87568,386.78709,201.11359,204.27443,431.03798
5/1/1985,707.29995,282.8496,531.63379,404.92985,389.43632,201.11359,204.1326,431.90092
6/1/1985,711.56507,283.64116,532.75067,406.47049,389.43632,201.11359,204.03193,432.76386
7/1/1985,712.98678,284.16887,531.63379,408.01112,387.84678,201.11359,203.59622,432.33239
8/1/1985,714.40849,284.69657,533.30911,408.52467,387.31694,200.44543,203.55235,432.76386
9/1/1985,718.67362,285.22427,532.75067,409.03821,389.43632,200.66815,204.18007,434.48974
10/1/1985,725.78216,286.27968,533.86755,410.32207,390.49601,200.89087,204.6882,434.92121
11/1/1985,731.46899,287.59894,535.54286,411.09239,392.08555,201.11359,206.13567,434.92121
12/1/1985,735.73412,288.91821,536.1013,411.60593,391.82062,201.3363,206.26308,435.78415
1/1/1986,739.28839,289.97361,537.21818,411.8627,390.76093,202.00445,206.17534,438.80443
2/1/1986,742.13181,289.44591,539.45193,410.83562,390.49601,201.78174,206.12455,440.53031
3/1/1986,745.68608,287.8628,540.01037,411.8627,392.08555,201.11359,206.37877,440.53031
4/1/1986,747.10779,286.80739,545.59476,413.40334,402.15261,201.11359,206.26578,442.25619
5/1/1986,750.66206,287.59894,546.1532,414.43043,405.06676,201.11359,205.63716,441.39325
6/1/1986,752.08377,288.65435,546.1532,415.71429,404.53691,201.11359,205.59599,443.98206
7/1/1986,752.08377,288.91821,544.47788,416.22783,401.88768,200.44543,204.6248,443.98206
8/1/1986,754.21633,289.18206,546.1532,416.74138,404.00707,199.77728,205.01935,445.27647
9/1/1986,756.34889,290.23747,548.94539,418.28201,407.18614,200,205.37603,447.43382
10/1/1986,759.90316,290.76517,550.06227,419.3091,407.98091,199.33185,205.42621,448.29676
11/1/1986,763.45743,291.29288,554.52978,419.82264,409.0406,199.10913,205.93434,447.86529
12/1/1986,766.30085,292.34828,556.2051,420.33619,408.77567,199.33185,206.34572,448.72823
1/1/1987,770.56598,293.9314,558.43886,424.18777,409.57044,200.44543,207.53957,454.33733
2/1/1987,774.8311,294.98681,560.67261,424.95809,409.30552,200.66815,208.14866,456.06321
3/1/1987,776.96366,296.04222,561.78949,425.47163,413.01444,200.66815,208.43954,458.65203
4/1/1987,779.80708,297.36148,568.49075,427.78259,414.60397,201.11359,208.69977,460.80937
5/1/1987,783.36135,298.15303,569.04919,428.5529,418.57781,201.11359,207.54347,461.24084
6/1/1987,786.20477,299.4723,569.04919,429.32322,418.31289,201.3363,208.20606,462.96672
7/1/1987,787.62648,300.26385,568.49075,430.35031,418.31289,201.3363,208.25955,462.53525
8/1/1987,790.46989,301.58311,570.16607,431.3774,419.6375,201.11359,209.06937,463.82966
9/1/1987,795.44587,302.63852,571.84139,431.63417,422.02181,200.89087,208.57236,466.41848
10/1/1987,801.84356,303.43008,574.63358,432.66126,423.87627,201.11359,209.49216,467.28141
11/1/1987,804.68698,304.48549,577.42578,433.1748,425.20088,201.11359,210.25421,466.41848
12/1/1987,806.10869,305.01319,576.86734,433.43157,425.4658,201.3363,210.23948,467.71288
1/1/1988,810.37381,306.0686,576.86734,434.20189,427.32026,202.22717,210.77616,473.32199
2/1/1988,813.92808,306.59631,578.09733,434.97221,430.76425,202.67261,211.80595,474.6164
3/1/1988,817.48235,307.38786,580.55732,436.25607,432.35379,202.67261,212.29635,477.20521
4/1/1988,819.61492,309.23483,587.93729,438.31025,433.94333,203.11804,212.70171,480.65697
5/1/1988,822.45833,310.02639,590.39728,439.33734,437.65224,203.56347,212.18517,484.54019
6/1/1988,825.30175,311.34565,592.85726,440.6212,437.38732,203.78619,212.51541,487.12901
7/1/1988,826.72346,312.66491,592.85726,442.16183,435.53286,203.78619,212.03101,487.12901
8/1/1988,830.27773,313.98417,596.54725,443.44569,438.44701,203.56347,212.77082,487.99195
9/1/1988,834.54285,315.30343,599.00724,444.47278,440.83132,203.78619,212.82581,492.73811
10/1/1988,840.22969,316.35884,602.69722,445.49987,441.62608,204.00891,213.16597,493.16958
11/1/1988,845.91652,317.41425,606.3872,446.01342,444.80516,204.67706,213.94875,494.03252
12/1/1988,849.47079,318.46966,606.3872,446.78373,444.80516,205.12249,214.33639,497.91575
1/1/1989,855.15763,319.78892,608.84719,448.58114,446.92454,206.90423,215.51131,500.67715
2/1/1989,862.26617,320.84433,611.30718,449.865,449.83869,207.57238,216.59458,503.13653
3/1/1989,867.24215,322.42744,614.99716,451.14886,452.48791,207.7951,217.17663,508.87507
4/1/1989,871.50727,324.80211,621.14713,453.97336,455.40206,209.1314,218.3197,513.70753
5/1/1989,875.7724,326.38522,626.06711,455.77076,458.58113,209.35412,218.47055,515.69229
6/1/1989,879.32667,327.44063,627.2971,456.28431,457.25652,209.57684,218.84376,520.26586
7/1/1989,880.74838,328.49604,627.2971,457.56817,457.25652,209.35412,218.35937,519.7481
8/1/1989,882.88094,328.49604,628.5271,458.33848,459.90575,209.35412,219.08445,520.43845
9/1/1989,887.14607,329.2876,633.44708,459.36557,461.49528,209.57684,220.03731,526.0907
10/1/1989,894.25461,330.87071,638.36705,461.41975,464.14451,210.24499,220.90693,527.98917
11/1/1989,899.23059,332.18997,640.82704,462.19007,466.26389,210.69042,223.4572,527.64399
12/1/1989,902.78486,333.24538,642.05704,462.70361,466.26389,211.35857,225.09999,530.57798
1/1/1990,911.31511,336.41161,644.51703,463.98747,463.34974,212.47216,226.42486,538.34443
2/1/1990,918.42365,337.73087,650.667,464.96547,464.40943,213.36303,227.15926,540.70849
3/1/1990,921.97792,339.31398,653.12699,466.08317,465.99897,213.36303,227.94144,542.85263
4/1/1990,925.5322,340.10554,669.11691,468.66787,466.26389,213.80846,228.41051,545.87642
5/1/1990,928.37561,340.63325,676.49688,469.36643,469.70789,214.2539,229.52112,547.74567
6/1/1990,932.64074,342.74406,678.95687,469.29657,468.6482,214.47661,229.84115,549.83483
7/1/1990,935.48415,344.32718,678.95687,469.43629,467.05866,214.47661,229.95413,549.88981
8/1/1990,941.88184,347.22955,685.10684,472.50998,471.82727,215.14477,232.41245,552.47378
9/1/1990,946.85782,349.60422,691.25681,475.86309,475.80111,215.81292,233.51676,556.21228
10/1/1990,954.67722,351.97889,697.40678,477.95879,476.59588,217.37194,234.93898,557.97157
11/1/1990,960.36405,352.77045,699.86677,477.19037,476.33095,216.9265,236.98924,557.80664
12/1/1990,962.49661,354.08971,701.09676,476.84109,475.00634,217.14922,236.97662,557.31184
1/1/1991,968.51565,355.40897,701.09676,479.49564,475.00634,218.48552,238.89946,565.8884
2/1/1991,976.00901,355.67282,703.55675,480.75306,476.33095,219.441,241.27425,568.52735
3/1/1991,981.62902,355.67282,707.24674,481.66119,477.12572,219.441,241.31181,569.68189
4/1/1991,985.37569,356.46438,722.00667,483.12818,478.18541,220.39648,241.89116,572.04594
5/1/1991,989.12237,357.78364,728.15664,484.66502,481.36448,221.03346,243.9327,574.57493
6/1/1991,993.80571,358.83905,731.84662,485.85259,482.42417,222.30743,244.93453,574.46497
7/1/1991,997.55239,359.36675,729.38663,487.11001,480.83464,224.85536,245.01927,573.53034
8/1/1991,1000.3624,360.42216,736.7666,487.66886,481.62941,224.85536,246.29396,573.31043
9/1/1991,1005.04574,361.47757,739.22659,488.43728,484.27863,224.85536,246.77114,575.06973
10/1/1991,1009.72909,362.00528,742.91657,490.95212,485.33832,228.35878,246.98929,576.60911
11/1/1991,1016.28577,363.58839,744.14657,492.83825,487.4577,229.31425,249.95635,577.32383
12/1/1991,1019.09578,364.6438,746.60655,491.23154,486.13309,229.63274,249.36288,580.34761
1/1/1992,1025.65246,364.90765,744.14657,492.06982,485.0734,230.90671,250.5357,583.15149
2/1/1992,1031.27247,365.69921,747.83655,494.16552,487.4577,232.18068,252.32392,584.74585
3/1/1992,1035.95582,367.01847,751.52653,495.77222,489.31216,233.13616,253.06103,586.67008
4/1/1992,1039.70249,367.81003,760.13649,496.82007,490.10693,234.09163,253.46459,589.25405
5/1/1992,1044.38584,368.60158,765.05647,498.42677,493.55093,234.72862,254.13258,589.63889
6/1/1992,1047.19584,369.65699,765.05647,498.14735,493.55093,235.3656,255.14223,591.89299
7/1/1992,1049.06918,370.7124,762.59648,497.86792,491.43154,236.00258,254.37447,590.40859
8/1/1992,1051.87919,371.50396,763.82647,497.58849,491.96139,236.00258,255.03976,589.41898
9/1/1992,1053.75253,372.29551,766.28646,498.98563,493.81585,236.00258,255.34025,592.93757
10/1/1992,1058.43587,373.87863,768.74645,500.38276,493.286,236.00258,255.71106,594.8618
11/1/1992,1065.92922,374.93404,768.74645,500.87175,494.34569,236.95806,258.17088,595.46656
12/1/1992,1068.73923,375.46174,769.97645,500.59233,493.286,237.27655,257.89323,593.81722
1/1/1993,1074.35924,376.781,767.51646,502.54831,492.49124,241.41695,259.21599,599.91978
2/1/1993,1078.10592,377.57256,771.20644,504.29473,493.81585,243.3279,260.87982,601.84401
3/1/1993,1081.85259,378.10026,774.89642,506.87942,494.87554,243.96488,262.26899,602.66868
4/1/1993,1086.53594,379.41953,779.8164,507.50813,495.40538,244.60187,263.06589,604.8678
5/1/1993,1090.28261,380.47493,782.27639,508.2067,498.31953,244.92036,263.22034,605.19766
6/1/1993,1096.8393,380.73879,782.27639,507.92727,498.05461,245.55734,263.15303,604.37299
7/1/1993,1100.58597,381.26649,779.8164,508.34641,497.25984,246.83131,262.98987,602.83361
8/1/1993,1101.52264,382.05805,783.50638,508.34641,498.05461,246.83131,264.28649,602.06392
9/1/1993,1104.33265,382.58575,787.19637,509.95311,499.64415,246.51282,264.12422,603.32841
10/1/1993,1109.95266,384.16887,787.19637,510.86125,500.96876,246.51282,264.32104,604.15308
11/1/1993,1113.69934,385.22427,784.73638,511.35024,501.76353,246.83131,263.96496,603.27343
12/1/1993,1115.57267,386.01583,787.19637,511.14067,500.70384,247.4683,264.2949,602.88859
1/1/1994,1121.19269,386.01583,787.19637,511.76938,501.23368,248.74226,264.60411,601.29423
2/1/1994,1125.87603,387.07124,789.65636,513.23637,502.82322,250.65322,265.67836,603.54832
3/1/1994,1128.68604,388.12665,792.11634,514.42393,503.35306,250.97171,265.68257,604.81282
4/1/1994,1130.55938,388.3905,798.26632,515.82106,505.47245,251.2902,265.8211,606.07731
5/1/1994,1137.11606,389.18206,800.7263,516.93877,507.85675,251.92719,264.1711,606.13229
6/1/1994,1138.9894,390.23747,800.7263,516.7292,508.3866,252.24568,264.58698,612.12489
7/1/1994,1141.7994,391.55673,795.80633,516.65934,507.3269,252.88266,264.5413,612.39978
8/1/1994,1143.67274,393.13984,800.7263,516.58949,509.18136,253.51965,265.5801,613.33441
9/1/1994,1147.41942,393.9314,801.9563,518.19619,509.71121,252.88266,265.68738,614.81881
10/1/1994,1153.03943,394.19525,800.7263,519.31389,510.7709,252.56417,265.46862,615.36859
11/1/1994,1157.72277,395.25066,801.9563,519.38375,512.09551,252.88266,265.44969,613.55432
12/1/1994,1160.53278,396.04222,805.64628,519.24404,512.09551,253.51965,265.40522,612.72965
1/1/1995,1165.21613,397.09763,805.64628,520.57131,512.36044,254.47512,267.2896,612.50974
2/1/1995,1173.64615,398.15303,808.10627,522.17801,514.47982,255.74909,269.6725,614.16899
3/1/1995,1183.9495,398.94459,811.79625,523.78472,516.06935,255.74909,269.83807,613.92317
4/1/1995,1188.63285,400.5277,816.71623,524.41342,517.65889,256.06758,270.06494,613.92317
5/1/1995,1196.1262,401.31926,820.40621,525.18185,519.77827,256.06758,269.55621,614.84498
6/1/1995,1203.61955,402.11082,821.63621,525.18185,518.9835,256.38607,270.09108,616.93441
7/1/1995,1205.49289,402.63852,819.17622,524.20385,516.5992,257.02306,269.90898,616.75005
8/1/1995,1209.23956,403.43008,822.8662,526.71869,517.39397,257.02306,270.76418,615.2137
9/1/1995,1212.04957,403.95778,826.55619,528.60482,520.30812,257.02306,270.99586,615.33661
10/1/1995,1216.73292,405.01319,825.32619,529.16367,520.57304,256.38607,270.70198,614.84498
11/1/1995,1223.2896,405.5409,825.32619,529.58281,521.63273,256.38607,270.50035,613.12427
12/1/1995,1225.16294,406.0686,830.24617,530.07181,521.36781,257.34155,270.57547,612.50974
1/1/1996,1230.25373,408.17942,829.01617,530.70052,520.83796,257.97853,271.34804,614.72207
2/1/1996,1235.05472,408.97098,832.70616,532.72636,523.75211,259.57099,271.78255,617.18022
3/1/1996,1239.85571,410.29024,835.16615,536.14933,526.66626,259.57099,272.26243,617.48749
4/1/1996,1244.6567,411.87335,840.08612,536.77804,527.99087,259.57099,272.52627,618.47075
5/1/1996,1249.45769,412.66491,843.77611,537.89575,529.84533,259.88949,271.53104,619.76128
6/1/1996,1251.85819,413.45646,845.0061,537.26704,529.31549,260.20798,272.0608,619.26965
7/1/1996,1250.65794,414.24802,840.08612,536.28904,528.52072,260.52647,271.68038,619.94564
8/1/1996,1251.85819,414.77573,845.0061,535.2412,529.58041,260.52647,272.38293,618.22494
9/1/1996,1253.05843,416.09499,848.69608,536.8479,532.22964,260.52647,272.54159,619.02384
10/1/1996,1254.25868,417.41425,849.92608,538.24503,533.0244,260.52647,272.9761,619.88419
11/1/1996,1259.05967,418.73351,851.15607,537.75603,534.08409,260.20798,272.47398,618.04058
12/1/1996,1260.25992,419.78892,853.61606,538.87374,533.55425,261.16345,272.68973,618.47075
1/1/1997,1263.86066,420.58047,851.15607,540.0613,534.87886,263.3929,273.60052,618.83947
2/1/1997,1265.06091,421.37203,852.38607,541.17901,535.14378,263.71139,274.08011,619.14674
3/1/1997,1268.66165,421.63588,853.61606,541.59815,535.40871,263.71139,273.68586,620.74454
4/1/1997,1269.8619,421.89974,857.30604,541.80772,536.99824,263.3929,273.94939,624.00159
5/1/1997,1273.46264,421.89974,860.99603,542.57614,540.70716,264.02988,273.0969,625.47648
6/1/1997,1273.46264,422.69129,862.22602,542.43642,542.03177,264.34837,273.37125,626.27538
7/1/1997,1273.46264,423.219,860.99603,541.73786,540.70716,266.57782,273.07406,627.13573
8/1/1997,1274.66289,424.27441,864.68601,543.13499,542.82654,266.89631,273.67565,628.18045
9/1/1997,1275.86314,425.32982,867.146,544.11298,544.41608,266.25933,273.67024,628.79499
10/1/1997,1279.46388,426.12137,868.37599,543.83356,544.681,265.94083,273.69067,630.26988
11/1/1997,1284.26487,426.64908,868.37599,544.74169,545.47577,265.94083,273.60984,629.96261
12/1/1997,1284.26487,426.91293,869.60599,545.02112,544.681,266.57782,273.74326,630.14697
1/1/1998,1287.86561,427.44063,865.916,543.34456,544.15116,266.57782,273.64259,630.82296
2/1/1998,1291.46636,427.44063,868.37599,545.3704,546.53546,267.2148,273.97854,630.70005
3/1/1998,1295.0671,427.44063,870.83598,546.27854,547.59515,266.89631,273.77631,632.05203
4/1/1998,1296.26735,427.96834,875.75596,547.39624,548.91976,267.2148,273.88749,634.94036
5/1/1998,1298.66784,429.02375,879.44594,547.53596,551.56899,267.53329,273.32197,634.63309
6/1/1998,1299.86809,429.55145,878.21595,547.9551,551.30407,267.85179,273.6471,635.92362
7/1/1998,1299.86809,430.60686,875.75596,546.13882,550.5093,268.80726,273.2793,634.32582
8/1/1998,1301.06834,431.13456,878.21595,546.48811,551.30407,268.17028,274.05757,635.24763
9/1/1998,1301.06834,431.39842,881.90593,546.27854,553.42345,267.53329,273.83911,637.1527
10/1/1998,1303.46883,432.45383,881.90593,545.99911,553.68837,267.2148,273.78442,637.27561
11/1/1998,1304.66908,432.98153,883.13592,545.64983,554.74806,267.2148,273.3403,635.67781
12/1/1998,1305.86933,433.77309,885.59591,546.20868,553.95329,267.53329,273.282,635.30908
1/1/1999,1307.06957,434.56464,883.13592,544.67184,553.42345,267.2148,273.84212,633.9571
2/1/1999,1309.47007,434.56464,884.36592,546.34839,557.66221,267.53329,274.76763,635.49345
3/1/1999,1311.87056,434.8285,889.2859,548.16467,560.31144,267.53329,275.0549,637.02979
4/1/1999,1315.47131,437.73087,892.97588,549.70151,561.90097,268.80726,275.51375,641.70028
5/1/1999,1317.8718,437.99472,895.43587,549.77137,562.96066,268.80726,274.89564,643.29808
6/1/1999,1317.8718,437.99472,894.20587,549.70151,564.5502,269.12575,275.21807,642.92935
7/1/1999,1321.47254,439.84169,890.51589,548.23452,563.49051,270.39972,275.28778,641.82318
8/1/1999,1322.67279,440.8971,892.97588,549.14266,566.40466,270.08123,276.65021,642.25336
9/1/1999,1325.07329,442.74406,895.43587,550.05079,569.05389,269.44425,277.17277,644.40424
10/1/1999,1329.87428,443.53562,895.43587,550.40008,570.11358,269.12575,277.17006,645.75623
11/1/1999,1332.27477,444.32718,896.66586,550.60965,571.17327,269.76274,276.90563,645.69477
12/1/1999,1333.47502,445.38259,899.12585,553.05463,571.70311,270.71821,277.84046,648.21438
1/1/2000,1335.87552,446.70185,892.97588,553.05463,570.90834,271.3552,278.18362,648.33728
2/1/2000,1340.67651,448.54881,895.43587,553.75319,574.39303,271.67369,279.22903,653.16575
3/1/2000,1344.27725,451.18734,897.89586,556.33789,578.45851,271.67369,279.13377,657.06821
4/1/2000,1345.4775,450.92348,901.58584,556.33789,579.03929,271.67369,279.37777,658.65565
5/1/2000,1350.27849,451.71504,904.04583,557.45559,581.36241,271.3552,279.24045,660.63995
6/1/2000,1353.87923,454.35356,905.27582,558.85272,583.10476,272.62917,280.27985,662.22739
7/1/2000,1356.27972,455.67282,901.58584,557.94459,580.78163,273.90313,280.48749,660.1108
8/1/2000,1357.47997,455.67282,901.58584,558.99244,580.20085,273.26615,279.7618,662.75654
9/1/2000,1359.88047,458.04749,907.73581,561.85656,584.26632,273.90313,281.16389,668.37872
10/1/2000,1364.68146,458.83905,907.73581,561.15799,585.42789,273.58464,280.8625,668.97401
11/1/2000,1368.2822,459.63061,910.1958,562.41541,586.00867,273.90313,282.20149,668.77558
12/1/2000,1369.48245,460.68602,910.1958,562.13598,585.42789,276.13258,281.98964,667.78343
1/1/2001,1375.48368,463.32454,904.04583,559.76086,584.26632,275.1771,281.78741,667.32043
2/1/2001,1380.28467,464.37995,906.50582,561.2977,588.83685,276.76956,281.40639,671.42132
3/1/2001,1381.48492,464.6438,908.9658,563.81254,591.88388,276.76956,281.85773,675.0592
4/1/2001,1387.48616,465.43536,915.11578,566.53695,594.16914,278.04353,282.6369,678.16794
5/1/2001,1391.0869,467.81003,921.26575,570.02978,597.21616,278.99901,284.17091,682.66569
6/1/2001,1394.68764,468.86544,922.49574,570.37906,596.45441,279.3175,284.70939,682.59955
7/1/2001,1395.88789,468.07388,916.34577,569.1915,594.9309,279.63599,284.27849,677.50651
8/1/2001,1395.88789,468.07388,920.03575,569.1915,594.9309,278.99901,282.70151,679.6231
9/1/2001,1395.88789,469.92084,922.49574,570.23935,597.21616,278.99901,283.0618,684.51771
10/1/2001,1398.28839,468.60158,921.26575,570.58863,597.97792,278.68051,282.6327,682.99641
11/1/2001,1400.68888,468.33773,921.26575,569.05179,596.45441,278.04353,283.01132,679.95381
12/1/2001,1401.88913,468.07388,922.49574,569.75035,597.97792,280.59147,282.90674,679.68924
1/1/2002,1407.89037,468.86544,920.03575,572.4049,598.73967,280.90996,283.25682,682.53341
2/1/2002,1412.69136,469.65699,922.49574,573.10347,603.3102,281.86543,283.2481,683.5917
3/1/2002,1416.2921,470.97625,924.95573,575.61831,607.11898,282.50242,283.29378,687.22958
4/1/2002,1419.89284,473.08707,929.87571,577.78386,609.40425,282.18393,285.73798,690.07375
5/1/2002,1423.49359,473.61478,932.3357,578.48243,609.40425,282.50242,286.01232,691.59505
6/1/2002,1424.69383,473.87863,932.3357,578.41257,609.40425,282.50242,285.63731,690.13989
7/1/2002,1427.09433,474.93404,929.87571,578.41257,607.88074,282.82091,284.13185,688.88317
8/1/2002,1429.49482,476.2533,932.3357,579.73984,608.64249,282.50242,284.03749,688.88317
9/1/2002,1431.89532,477.04485,934.79569,580.78769,611.68951,282.50242,284.4681,691.39662
10/1/2002,1435.49606,478.10026,936.02568,581.69583,613.21302,282.18393,286.12952,693.18249
11/1/2002,1440.29705,478.89182,936.02568,581.69583,613.21302,281.22845,285.60215,690.99976
12/1/2002,1441.4973,479.68338,938.48567,582.67382,613.21302,283.77639,285.42697,690.93361
1/1/2003,1447.49854,481.7942,933.56569,583.79153,613.97478,283.77639,285.65504,691.79348
2/1/2003,1449.89903,484.43272,936.02568,587.84321,620.06882,285.36885,285.9363,696.35737
3/1/2003,1454.70002,485.22427,939.71566,590.21833,624.63935,285.68734,287.08718,698.27553
4/1/2003,1458.30076,483.37731,944.63564,589.38005,623.8776,284.73186,287.65782,697.41566
5/1/2003,1461.90151,482.58575,944.63564,588.68149,623.11584,284.09488,287.19686,696.5558
6/1/2003,1463.10175,483.11346,943.40565,589.79919,623.11584,285.05035,287.20257,695.76208
7/1/2003,1465.50225,484.69657,942.17565,589.17048,619.30707,285.68734,284.9002,692.12419
8/1/2003,1469.10299,486.80739,944.63564,590.56762,619.30707,285.68734,285.56339,693.0502
9/1/2003,1471.50349,488.3905,947.09563,592.80303,623.11584,285.36885,285.97717,695.89437
10/1/2003,1472.70374,487.8628,948.32562,594.06045,621.59233,285.36885,287.42764,695.16679
11/1/2003,1476.30448,488.12665,948.32562,594.75901,623.11584,284.73186,287.06615,694.50535
12/1/2003,1477.50473,489.44591,950.78561,595.38772,621.59233,286.96131,287.12174,695.10064
1/1/2004,1479.90522,491.55673,947.09563,595.38772,621.59233,286.96131,286.14785,693.18249
2/1/2004,1483.50596,492.61214,949.55562,597.90256,626.16286,287.59829,286.19562,697.08495
3/1/2004,1488.30695,493.66755,950.78561,600.27768,628.44813,288.55377,286.80863,694.70378
4/1/2004,1491.9077,494.4591,954.47559,601.81453,629.20989,289.50924,289.22788,694.83607
5/1/2004,1495.50844,496.56992,958.16558,604.04994,631.49515,290.14623,289.89648,695.82822
6/1/2004,1497.90893,498.41689,958.16558,604.25951,629.97164,290.14623,290.39649,695.36522
7/1/2004,1499.10918,498.94459,955.70559,603.28152,627.68637,290.78321,287.35732,694.37307
8/1/2004,1502.70992,499.20844,958.16558,604.60879,626.16286,291.1017,288.42227,696.15894
9/1/2004,1502.70992,500.79156,958.16558,605.16764,629.97164,290.46472,288.43879,698.87082
10/1/2004,1502.70992,503.43008,960.62557,606.70449,632.25691,290.78321,291.14292,701.11969
11/1/2004,1503.91017,505.80475,963.08556,607.05377,630.7334,290.14623,291.42237,698.01095
12/1/2004,1507.51091,505.80475,966.77554,607.75234,629.20989,293.33115,290.94579,698.0771
1/1/2005,1507.51091,505.5409,963.08556,604.39922,627.68637,291.1017,289.59538,694.50535
2/1/2005,1512.3119,507.65172,965.54554,608.10162,633.78042,292.37567,290.23183,699.41104
3/1/2005,1517.11289,509.49868,969.23553,611.94373,637.58919,293.64964,290.94189,701.51348
4/1/2005,1519.51339,511.08179,972.92551,613.13129,640.63622,293.01266,293.32358,702.21429
5/1/2005,1524.31438,510.81794,976.61549,613.55043,640.63622,293.64964,293.03241,700.11186
6/1/2005,1524.31438,511.08179,976.61549,614.249,641.39797,293.96813,292.37373,700.81267
7/1/2005,1530.31562,514.24802,977.84549,613.34086,640.63622,295.2421,290.77421,698.00942
8/1/2005,1532.71611,517.41425,980.30548,615.71599,640.63622,295.56059,291.1931,700.81267
9/1/2005,1532.71611,524.53826,982.76546,618.09111,645.20675,295.87908,292.46718,704.31673
10/1/2005,1536.31685,525.32982,983.99546,617.9514,645.20675,296.19758,295.02467,703.61592
11/1/2005,1537.5171,522.69129,983.99546,616.69398,642.92148,295.2421,294.19531,702.21429
12/1/2005,1537.5171,522.69129,987.68544,617.4624,643.68324,297.47154,293.87378,702.21429
1/1/2006,1541.11784,525.85752,983.99546,616.83369,641.39797,296.51607,293.3338,700.11186
2/1/2006,1544.71859,526.12137,986.45545,619.20882,647.49201,297.79004,294.24759,705.71836
3/1/2006,1548.31933,526.91293,988.91544,620.95523,649.77728,297.79004,293.93508,707.8208
4/1/2006,1553.12032,529.55145,995.06541,623.60978,652.8243,298.74551,296.43036,711.32486
5/1/2006,1557.92131,531.13456,999.98538,626.26433,653.58606,298.74551,297.02323,712.02567
6/1/2006,1559.12156,532.45383,1002.44537,626.26433,655.10957,299.3825,296.9409,712.72648
7/1/2006,1563.92255,535.3562,1002.44537,625.21648,653.58606,300.65646,294.91679,711.32486
8/1/2006,1566.32304,537.73087,1006.13536,627.31218,653.58606,300.01948,295.42161,714.12811
9/1/2006,1565.1228,535.09235,1007.36535,625.91505,655.87132,299.064,294.78908,714.82892
10/1/2006,1563.92255,532.71768,1008.59535,624.51792,655.10957,299.3825,295.78761,716.93136
11/1/2006,1565.1228,532.98153,1011.05533,625.21648,654.34781,299.3825,295.6596,716.93136
12/1/2006,1566.32304,535.88391,1015.97531,626.68347,655.10957,301.61194,295.69867,717.63217
1/1/2007,1567.52329,536.77309,1009.82534,624.51792,652.8243,301.61194,293.63309,716.23055
2/1/2007,1572.32428,538.85488,1013.51532,625.70548,659.6801,302.88591,294.21394,721.13624
3/1/2007,1574.72478,541.65699,1018.4353,628.36003,662.72712,303.52289,294.44321,726.04192
4/1/2007,1577.12527,543.28232,1022.12528,631.43372,663.48887,305.11535,297.77597,729.54599
5/1/2007,1581.92626,545.5277,1024.58527,632.97057,665.01238,305.11535,298.4725,728.84518
6/1/2007,1585.527,546.79156,1027.04526,633.73899,664.25063,305.11535,298.81416,730.2468
7/1/2007,1589.12775,547.76517,1022.12528,632.13229,661.20361,306.70781,297.04126,729.54599
8/1/2007,1591.52824,547.93404,1025.81527,634.71698,659.6801,306.38932,296.70922,730.2468
9/1/2007,1591.52824,550.25594,1027.04526,635.41555,664.25063,307.0263,296.99168,733.75086
10/1/2007,1596.32923,551.95251,1030.73524,637.02225,666.5359,307.66329,299.52753,735.8533
11/1/2007,1602.33047,556.29024,1034.42523,640.51508,670.34467,309.25575,300.89296,737.95574
12/1/2007,1607.13146,557.90237,1039.3452,642.8902,670.34467,311.1667,301.62466,736.55411
1/1/2008,1614.33295,559.82586,1034.42523,642.12178,671.86818,310.21122,300.75744,744.26305
2/1/2008,1617.93369,561.17942,1040.5752,643.51891,680.24749,311.48519,301.17092,747.76712
3/1/2008,1626.33542,563.18734,1044.26518,648.33902,683.29451,313.07765,302.18958,754.07443
4/1/2008,1629.93616,564.49077,1052.87514,650.50457,685.57978,312.44067,304.57699,755.47606
5/1/2008,1638.3379,567.83113,1059.02511,653.9974,687.86504,314.35162,306.99535,759.68093
6/1/2008,1645.53938,573.781,1065.17508,656.37252,689.38855,314.9886,307.5149,762.48418
7/1/2008,1653.94111,577.87863,1065.17508,654.97539,687.86504,316.89956,306.1747,761.08256
8/1/2008,1656.34161,577.01847,1071.32506,654.76582,688.6268,315.94408,305.3772,764.58662
9/1/2008,1651.54062,577.51187,1076.24503,654.34668,691.67382,315.62559,305.6852,768.09068
10/1/2008,1651.54062,572.54617,1073.78504,653.9974,690.91207,314.9886,307.30936,768.09068
11/1/2008,1645.53938,562.40897,1073.78504,650.92371,688.6268,313.39614,305.26271,764.58662
12/1/2008,1643.13889,557.77836,1071.32506,649.31701,686.34153,314.67011,303.73892,761.78337
1/1/2009,1640.73839,559.18997,1065.17508,646.66246,684.05627,313.07765,301.17603,760.38175
2/1/2009,1644.33913,561.22691,1072.55505,649.10744,692.43558,314.9886,301.88609,761.08256
3/1/2009,1645.53938,560.67282,1073.78504,650.295,694.72084,314.35162,300.90769,761.08256
4/1/2009,1649.14012,561.23747,1076.24503,651.34285,693.95909,314.67011,303.56043,761.08256
5/1/2009,1652.74087,562.06332,1081.16501,652.32084,696.24435,314.35162,304.04452,759.68093
6/1/2009,1653.94111,566.72823,1083.625,653.15912,697.76786,315.3071,304.59021,761.78337
7/1/2009,1653.94111,566.55937,1082.395,650.22514,694.72084,315.3071,302.5688,756.87768
8/1/2009,1658.7421,568.45646,1086.08499,653.57826,696.24435,315.94408,302.90385,758.98012
9/1/2009,1655.14136,569.55409,1086.08499,651.97156,697.76786,314.9886,302.86509,760.38175
10/1/2009,1656.34161,571.26385,1087.31498,652.60027,697.76786,314.9886,304.74737,756.17687
11/1/2009,1656.34161,573.17678,1089.77497,653.5084,697.76786,314.67011,305.33573,756.87768
12/1/2009,1659.94235,573.47493,1093.46495,655.25482,696.24435,317.21805,304.59742,757.57849
1/1/2010,1662.34285,573.84697,1092.23496,653.78783,697.76786,315.3071,304.25907,758.98012
2/1/2010,1663.54309,573.30079,1094.69495,657.42037,706.14717,316.58106,304.70199,761.43885
3/1/2010,1668.34408,573.49077,1099.61493,660.63378,710.7177,318.17352,305.11968,765.81847
4/1/2010,1674.34532,573.62269,1105.7649,662.31033,711.47946,318.49202,307.72734,768.35404
5/1/2010,1675.54557,573.32454,1108.22489,663.07876,711.47946,318.17352,307.40972,767.35518
6/1/2010,1675.54557,573.08443,1109.45488,663.0089,710.7177,318.17352,306.07133,768.12353
7/1/2010,1681.54681,574.15567,1106.99489,661.12277,709.95595,318.81051,303.83508,762.89873
8/1/2010,1685.14755,574.99472,1111.91487,662.65962,713.00297,319.129,303.79271,766.7405
9/1/2010,1681.54681,575.92348,1111.91487,662.17062,715.28824,318.81051,303.72239,770.96644
10/1/2010,1685.14755,577.92876,1114.37486,663.0089,714.52648,319.129,305.33844,774.03986
11/1/2010,1685.14755,579.39314,1118.06484,663.77732,715.28824,319.44749,306.07163,775.96074
12/1/2010,1691.14879,581.72032,1127.90479,666.78116,716.04999,321.35844,306.18011,779.18783
1/1/2011,1698.08142,583.60686,1129.13479,665.17445,716.81175,320.72146,305.10646,782.03074
2/1/2011,1703.11526,585.48285,1135.28476,668.318,725.19105,322.63241,306.25644,786.79454
3/1/2011,1709.82704,588.51187,1138.97474,673.76681,729.76159,324.54336,308.18379,791.09732
4/1/2011,1718.21677,591.27441,1147.5847,676.07208,732.80861,324.54336,308.52395,792.63403
5/1/2011,1719.89472,593.15567,1150.04469,676.42137,733.57036,324.54336,308.54408,793.0182
6/1/2011,1721.57266,593.15567,1150.04469,676.98022,732.04685,324.86186,307.79856,795.32327
7/1/2011,1726.6065,594.70976,1150.04469,673.97638,731.2851,325.49884,305.26932,793.09504
8/1/2011,1731.64034,596.58575,1154.96467,677.46921,731.2851,325.81733,304.37686,796.16846
9/1/2011,1731.64034,597.88127,1162.34464,676.98022,733.57036,326.45432,305.19781,799.47238
10/1/2011,1741.70802,598.28496,1162.34464,678.58692,734.33212,326.45432,304.99497,801.4701
11/1/2011,1740.03007,599.3905,1164.80462,680.47305,733.57036,327.0913,304.4625,802.00795
12/1/2011,1746.74185,599.53298,1168.49461,683.19745,733.57036,327.72829,303.99193,801.77744
1/1/2012,1751.77569,601.16623,1164.80462,680.82233,736.61738,327.40979,302.69772,806.84858
2/1/2012,1758.48748,602.45119,1170.9546,683.61659,744.99669,329.63924,303.55051,811.30503
3/1/2012,1766.87721,603.7124,1173.41458,689.27498,748.80547,331.55019,305.24288,814.37845
4/1/2012,1775.26694,604.71504,1179.56456,690.18311,748.80547,330.91321,305.47095,817.22136
5/1/2012,1775.26694,603.46438,1179.56456,689.83383,749.56722,330.91321,305.41656,817.29819
6/1/2012,1778.62283,602.9657,1175.87457,690.0434,748.04371,330.27622,304.55505,817.83604
7/1/2012,1780.30077,603.13984,1177.10457,687.03957,748.04371,331.55019,303.08926,816.29933
8/1/2012,1787.01256,606.6438,1182.02454,691.58025,750.32898,332.82416,302.99791,817.83604
9/1/2012,1787.01256,609.53826,1185.71453,689.90369,751.85249,333.14265,303.94205,821.06313
10/1/2012,1787.01256,611.18206,1190.63451,691.16111,751.85249,333.14265,304.31737,822.29249
11/1/2012,1783.65667,610.15567,1193.09449,690.11326,750.32898,333.46114,303.31973,819.60325
12/1/2012,1787.01256,610.08179,1196.78448,692.27881,748.80547,334.41662,302.67127,820.67895
1/1/2013,1790.36845,611.29024,1193.09449,688.78598,745.75845,332.82416,301.88128,819.98743
2/1/2013,1792.0464,614.6095,1199.24447,690.74197,754.13776,334.73511,302.77314,824.82806
3/1/2013,1795.40229,612.88127,1202.93445,695.98121,756.42302,336.32757,303.43092,828.593
4/1/2013,1795.40229,611.60158,1205.39444,694.93336,754.89951,334.73511,303.53308,829.82236
5/1/2013,1795.40229,611.85488,1207.85443,695.3525,755.66127,336.00908,303.86693,829.97603
6/1/2013,1800.43613,613.31135,1205.39444,696.47021,754.89951,336.32757,304.16562,829.43819
7/1/2013,1802.11407,614.51187,1205.39444,694.37451,752.61425,337.92003,303.08084,829.28451
8/1/2013,1808.82586,615.97889,1210.31441,697.58791,753.376,337.92003,302.86269,827.97831
9/1/2013,1803.79202,616.21108,1214.0044,695.98121,755.66127,337.92003,303.77378,830.89806
10/1/2013,1800.43613,616.5409,1215.23439,695.07307,756.42302,337.28305,303.54059,832.05059
11/1/2013,1795.40229,617.6781,1215.23439,694.79365,754.89951,337.92003,303.56163,830.82122
12/1/2013,1798.75818,619.31135,1220.15437,697.16877,754.13776,339.194,302.8744,833.89464
1/1/2014,1802.11407,620.81266,1214.0044,693.2568,753.376,337.28305,302.04565,833.35679
2/1/2014,1800.43613,621.49604,1218.92437,697.09892,757.94653,338.87551,302.34584,835.43135
3/1/2014,1802.11407,622.76517,1221.38436,700.24246,758.70829,339.83098,303.43933,837.35223
4/1/2014,1805.46997,623.92612,1225.07435,699.96304,760.2318,339.194,303.64847,838.5816
5/1/2014,1803.79202,625.11346,1225.07435,700.10275,759.47004,338.87551,304.53793,836.50704
6/1/2014,1805.46997,625.93931,1227.53433,699.82332,759.47004,339.83098,304.31646,837.12173
7/1/2014,1803.79202,626.6438,1225.07435,697.58791,757.94653,340.78646,303.1776,836.1997
8/1/2014,1807.14791,626.54354,1228.76433,700.6616,757.18478,340.78646,303.07994,837.42907
9/1/2014,1800.43613,626.58839,1229.99432,698.00705,759.47004,340.78646,303.50754,841.96236
10/1/2014,1802.11407,626.46438,1231.22432,698.21662,760.2318,339.83098,303.50213,840.50248
11/1/2014,1798.75818,625.28496,1228.76433,697.02906,758.70829,339.83098,303.38374,838.88894
12/1/2014,1798.75818,623.3562,1228.76433,697.58791,757.18478,339.83098,301.87978,837.81324
1/1/2015,1792.0464,619.38522,1220.15437,690.60225,752.61425,336.32757,300.57985,832.05059
2/1/2015,1798.75818,620.95515,1223.84435,695.21279,760.2318,338.71771,299.80729,834.14033
3/1/2015,1800.43613,622.62797,1225.07435,699.75347,763.27882,340.42496,300.78539,836.89878
4/1/2015,1803.79202,623.27704,1228.76433,700.52189,764.04058,342.13221,300.2397,836.81519
5/1/2015,1805.46997,625.33245,1231.22432,702.19845,764.80233,342.81511,300.93864,836.14648
6/1/2015,1808.82586,627.06332,1231.22432,701.63959,764.04058,342.81511,301.1598,836.14648
7/1/2015,1807.14791,628.05805,1229.99432,698.77547,763.27882,343.49801,299.30907,834.30751
8/1/2015,1810.5038,628.05541,1233.68431,701.01089,761.75531,343.49801,298.82919,835.81212
9/1/2015,1803.79202,626.6438,1232.45431,698.21662,763.27882,342.81511,299.12607,836.98237
10/1/2015,1807.14791,627.26385,1233.68431,698.63576,762.51706,342.81511,299.37488,838.31981
11/1/2015,1800.43613,628.01319,1233.68431,697.30849,760.99355,340.42496,299.15913,836.81519
12/1/2015,1800.43613,627.33773,1234.9143,698.84533,760.2318,340.42496,297.93012,835.81212
1/1/2016,1796.57685,627.05013,1228.76433,692.1391,757.18478,338.03482,296.77262,832.30136
2/1/2016,1792.96927,626.21636,1231.22432,693.88551,762.51706,339.05916,297.32343,833.38802
3/1/2016,1796.57685,628.17942,1234.9143,698.70562,763.27882,341.44931,298.19635,836.56443
4/1/2016,1794.77306,630.58575,1237.37429,699.19461,764.04058,341.79076,299.18287,838.98852
5/1/2016,1800.18444,632.07652,1239.83428,702.05873,765.56409,343.49801,299.61467,838.73775
6/1/2016,1801.98823,633.83113,1242.29427,702.96687,766.32584,343.83945,300.03326,839.1557
7/1/2016,1805.59581,633.51187,1241.06427,700.31232,765.56409,345.20525,298.70178,838.57058
8/1/2016,1809.2034,634.68338,1244.75426,702.61759,763.27882,344.8638,298.40159,838.98852
9/1/2016,1805.59581,636.34828,1248.44424,700.94103,763.27882,344.8638,298.58309,840.40955
10/1/2016,1803.79202,637.83905,1249.67423,701.1506,764.80233,345.5467,298.73784,842.16493
11/1/2016,1801.98823,638.59103,1252.13422,701.01089,764.04058,343.15656,298.14737,842.33211
12/1/2016,1809.2034,640.20317,1257.0542,703.10658,764.04058,345.5467,297.90998,844.42185
1/1/2017,1814.61477,642.79156,1252.13422,701.43002,764.04058,343.49801,297.80812,839.32288
2/1/2017,1821.82994,643.8153,1259.51419,702.2683,770.13462,345.5467,299.24417,843.58595
3/1/2017,1821.82994,643.51451,1263.20417,706.73913,770.89637,346.2296,299.88962,843.50236
4/1/2017,1829.04511,644.30871,1269.35414,707.36783,772.41988,347.5954,300.49271,846.09364
5/1/2017,1825.43752,643.81003,1273.04412,707.71712,771.65813,347.5954,301.05102,844.7562
6/1/2017,1823.63373,644.22955,1273.04412,707.78697,770.89637,348.61974,300.62493,845.42492
7/1/2017,1825.43752,644.44063,1273.04412,705.34199,776.99042,349.98554,299.68529,843.00082
8/1/2017,1830.8489,646.92084,1279.1941,708.97454,774.70515,350.32699,299.78235,845.17415
9/1/2017,1825.43752,650.22427,1282.88408,707.85683,775.4669,350.66844,300.52997,846.92953
10/1/2017,1821.82994,650.72823,1284.11407,708.5554,776.22866,349.98554,300.71237,846.76235
11/1/2017,1818.22236,652.46438,1287.80406,709.25396,773.94339,348.61974,300.49391,848.85209
12/1/2017,1825.43752,653.83905,1291.49404,711.48937,771.65813,350.32699,300.40857,848.51773
1/1/2018,1830.8489,656.31398,1285.34407,710.79081,769.37286,348.2783,300.01252,846.01005
2/1/2018,1830.8489,658.1504,1290.26405,710.58124,774.70515,349.30264,301.12374,848.60132
3/1/2018,1836.26028,658.52507,1292.72403,717.77647,774.70515,351.35134,302.27492,850.35671
4/1/2018,1838.06407,660.01583,1297.64401,718.96403,778.51393,352.03424,302.90626,852.44644
5/1/2018,1843.47544,661.68602,1302.56399,722.03772,780.03744,354.76583,304.05924,853.36593
6/1/2018,1847.08303,662.58047,1302.56399,722.10758,779.27568,355.10728,304.07186,855.28849
7/1/2018,1852.4944,663.12137,1302.56399,721.47887,785.36972,356.47308,303.37232,854.53618
8/1/2018,1859.70957,664.24538,1309.94395,724.9717,782.3227,356.81453,303.32304,855.79003
9/1/2018,1850.69061,665.53826,1311.17395,723.43485,780.03744,357.49743,303.50363,857.629
10/1/2018,1850.69061,667.18206,1312.40394,724.20327,782.3227,358.18033,304.04001,859.71874
11/1/2018,1847.08303,666.64116,1314.86393,722.66643,780.03744,355.79018,303.26444,859.55156
12/1/2018,1845.27924,666.36148,1317.32392,722.80614,777.75217,355.79018,302.48587,858.54848
1/1/2019,1847.08303,666.14776,1308.71396,719.59274,779.27568,353.05859,301.69287,855.2049
2/1/2019,1848.88682,667.90237,1313.63394,719.94202,783.08446,354.42438,302.86599,859.30079
3/1/2019,1854.2982,670.90501,1316.09393,725.74012,783.84621,355.79018,304.47873,859.88592
4/1/2019,1857.90578,673.2533,1323.47389,728.04539,786.13148,359.20467,305.05086,864.90129
5/1/2019,1857.90578,673.68074,1327.16387,728.81381,785.36972,359.88757,305.9878,863.39668
6/1/2019,1859.70957,673.77573,1327.16387,730.56022,783.84621,360.91192,305.89705,863.98181
7/1/2019,1859.70957,675.19789,1328.39387,729.16309,788.41675,362.61917,304.31827,861.6413
8/1/2019,1866.92474,675.93404,1332.08385,732.51621,785.36972,361.93627,304.28732,865.15206
9/1/2019,1856.10199,677.0343,1333.31385,730.00137,783.84621,361.93627,303.95377,865.48642
10/1/2019,1854.2982,678.90501,1332.08385,729.72194,786.89323,362.27772,303.27045,866.15513
11/1/2019,1850.69061,680.17942,1334.54384,730.14108,785.36972,359.54612,302.86659,865.31924
12/1/2019,1854.2982,681.43272,1334.54384,733.35449,783.84621,361.25337,302.95704,866.4059
1/1/2020,1856.10199,682.53826,1332.08385,730.2808,784.60797,359.20467,302.30317,863.64745
2/1/2020,1854.2982,683.39578,1335.77384,730.21094,789.1785,360.57047,302.67758,866.57308
3/1/2020,1856.10199,681.17414,1335.77384,730.63008,786.89323,360.91192,302.91016,865.06847
4/1/2020,1857.90578,675.70976,1335.77384,730.42051,786.13148,362.27772,301.80826,862.14283
5/1/2020,1854.2982,675.31398,1335.77384,731.46836,785.36972,361.93627,301.93477,861.97566
6/1/2020,1856.10199,678.67282,1338.23382,732.02721,786.13148,363.98496,301.99757,863.64745
7/1/2020,1852.4944,682.1715,1343.1538,734.82147,792.22552,362.27772,301.51889,866.74026
8/1/2020,1857.90578,684.90765,1338.23382,734.12291,789.1785,361.93627,301.6517,866.90744
9/1/2020,1845.27924,686.51715,1343.1538,730.35065,788.41675,361.25337,301.52249,866.90744
10/1/2020,1848.88682,686.94459,1343.1538,730.07123,789.94026,361.59482,301.54082,867.74334
11/1/2020,1847.08303,687.91821,1341.92381,731.60807,789.1785,358.52177,300.7926,867.15821
12/1/2020,1850.69061,690.14248,1345.61379,733.21477,787.65499,360.22902,300.49151,868.41205
1/1/2021,1863.31716,691.82058,1344.3838,734.33248,789.1785,362.96062,300.65768,871.33769
2/1/2021,1865.12095,694.84433,1345.61379,734.33248,793.74903,365.35076,301.15199,874.51409
3/1/2021,1870.53232,699.28232,1349.30377,738.73344,794.51079,367.05801,302.16735,876.60383
4/1/2021,1877.74749,703.76517,1357.91373,739.50187,797.55781,369.44815,302.79778,879.86382
5/1/2021,1877.74749,708.70449,1365.2937,741.87699,799.08132,371.1554,303.59829,881.20126
6/1/2021,1879.55128,714.92084,1370.21368,742.85498,799.84307,372.5212,303.82306,880.69972
7/1/2021,1888.57024,718.16359,1370.21368,743.27412,805.17536,375.93569,303.56554,883.62535
8/1/2021,1895.78541,720.55937,1378.82364,747.8148,803.65185,375.93569,304.31105,885.71509
9/1/2021,1892.17783,723.51979,1382.51362,746.13824,805.93712,375.93569,304.36394,888.47355
10/1/2021,1904.80437,729.78892,1394.81356,749.21193,813.55467,377.98439,305.28555,895.16072
11/1/2021,1915.62712,734.89182,1403.42352,751.93634,815.83994,377.30149,305.40334,899.17301
12/1/2021,1922.84229,739.11873,1410.80349,753.40333,812.03116,379.35018,305.09233,898.5043
1/1/2022,1953.50676,743.88654,1409.57349,755.28946,823.45749,380.71598,305.61489,909.45453
2/1/2022,1971.54468,749.82058,1419.41345,761.0177,831.8368,384.13047,307.62938,914.13555